[
  {
    "centerNumber": "HQ",
    "centerURL": "https://www.alphagraphics.com/",
    "centerVanityURL": "alphagraphics.com",
    "centerName": "AlphaGraphics",
    "centerEmail": "",
    "centerPhone": "800.955.6246",
    "centerAddress": "143 Union Boulevard, Suite 650",
    "centerCity": "Lakewood",
    "centerState": "CO",
    "centerZip": "80228",
    "centerFacebook": "https://www.facebook.com/Alphagraphics",
    "centerTwitter": "https://twitter.com/alphagraphics",
    "centerLinkedIn": "https://www.linkedin.com/company/alphagraphics",
    "centerInstagram": "https://www.instagram.com/alphagraphicshq",
    "centerBlog": "https://blogs.alphagraphics.com/blog",
    "centerRefundPolicy": "",
    "centerTermsConditions": "",
    "ag4CustomStyle": { "display": "none" },
    "footerDisplay": { "display": "none" }
  },
  {
    "centerNumber": "US004",
    "centerURL": "https://www.alphagraphics.com/centers/tempe-arizona-us004.html",
    "centerVanityURL": "AGonUniversity.com",
    "centerName": "AlphaGraphics on University",
    "centerEmail": "online004@alphagraphics.com",
    "centerPhone": "480.237.0664",
    "centerAddress": "815 W. University Dr., Suite 101",
    "centerCity": "Tempe",
    "centerState": "AZ",
    "centerZip": "85281",
    "centerFacebook": "https://www.facebook.com/AGonUniversity",
    "centerTwitter": "https://twitter.com/agonuniversity",
    "centerLinkedIn": "https://www.linkedin.com/company-beta/2381721",
    "centerInstagram": "https://www.instagram.com/agonuniversity",
    "centerBlog": "https://blogs.alphagraphics.com/blog/tempe-arizona-us004/",
    "centerRefundPolicy": true,
    "centerTermsConditions": "https://xmpl.xmpiecloud.com/AGU-NewEmailFooter/HelpUnderConstruction_uStore/US004-Terms_and_Conditions.pdf",
    "ag4CustomStyle": { "display": "inline-block" },
    "footerDisplay": { "display": "initial" }
  },
  {
    "centerNumber": "US054",
    "centerURL": "https://www.alphagraphics.com/centers/dallas-texas-us054.html",
    "centerVanityURL": "us054.alphagraphics.com",
    "centerName": "AlphaGraphics Park Cities | North Dallas",
    "centerEmail": "us054@alphagraphics.com",
    "centerPhone": "214-363-1101",
    "centerAddress": "3001 Knox Street",
    "centerCity": "Dallas",
    "centerState": "TX",
    "centerZip": "75205",
    "centerFacebook": "https://www.facebook.com/AGDallas/",
    "centerTwitter": "https://twitter.com/AlphaGraphicsTX",
    "centerLinkedIn": "https://www.linkedin.com/company/64718387/",
    "centerInstagram": "https://www.instagram.com/alphagraphicsdallas/",
    "centerBlog": "",
    "centerRefundPolicy": "",
    "centerTermsConditions": "",
    "footerDisplay": { "display": "initial" }
  },
  {
    "centerNumber": "US553",
    "centerURL": "https://www.alphagraphics.com/centers/houston-texas-us553.html",
    "centerVanityURL": "us553.alphagraphics.com",
    "centerName": "AlphaGraphics West Houston",
    "centerEmail": "us553@alphagraphics.com",
    "centerPhone": "713.785.0300",
    "centerAddress": "10700 Hammerly Blvd, Suite 115",
    "centerCity": "Houston",
    "centerState": "TX",
    "centerZip": "77043",
    "centerFacebook": "https://www.facebook.com/AlphaGraphics-West-Houston-297255501175/",
    "centerTwitter": "https://twitter.com/AGWestHouston",
    "centerLinkedIn": "https://www.linkedin.com/company/alphagraphics-of-west-houston",
    "centerInstagram": "https://www.instagram.com/agwesthouston/",
    "centerBlog": "",
    "centerRefundPolicy": true,
    "centerTermsConditions": "",
    "footerDisplay": { "display": "initial" },
    "ag4CustomStyle": { "display": "inline-block" }
  },
  {
    "centerNumber": "US401",
    "centerURL": "https://www.alphagraphics.com/us-minnesota-minneapolis-us401/",
    "centerVanityURL": "us401.alphagraphics.com",
    "centerName": "AlphaGraphics Downtown Minneapolis",
    "centerEmail": "us401@alphagraphics.com",
    "centerPhone": "(612) 340-1111",
    "centerAddress": "811 LaSalle Avenue, Skyway Level",
    "centerCity": "Minneapolis",
    "centerState": "MN",
    "centerZip": "55402",
    "centerFacebook": "https://www.facebook.com/AGtwincities",
    "centerTwitter": "http://twitter.com/agtwincities",
    "centerLinkedIn": "https://www.linkedin.com/company/alphagraphics-downtown-minneapolis/",
    "centerInstagram": "",
    "centerBlog": "https://blogs.alphagraphics.com/blog/minneapolis-minnesota-us401/",
    "centerRefundPolicy": "",
    "centerTermsConditions": "",
    "footerDisplay": { "display": "initial" },
    "ag4CustomStyle": { "display": "inline-block" }
  },
  {
    "centerNumber": "US190",
    "centerURL": "https://www.alphagraphics.com/centers/kansas-city-missouri-us190",
    "centerVanityURL": "us190.alphagraphics.com",
    "centerName": "AlphaGraphics Kansas City",
    "centerEmail": "us190@alphagraphics.com",
    "centerPhone": "816-842-4200",
    "centerAddress": "518 E 16th Street",
    "centerCity": "Kansas City",
    "centerState": "MO",
    "centerZip": "64108",
    "centerFacebook": "https://www.facebook.com/AlphagraphicsKC/",
    "centerTwitter": "https://twitter.com/AlphaGraphicsKC",
    "centerLinkedIn": "https://www.linkedin.com/company/alphagraphicskc",
    "centerInstagram": "https://www.instagram.com/alphagraphicskc/",
    "centerBlog": "https://blogs.alphagraphics.com/blog/kansas-city-missouri-us190/",
    "centerRefundPolicy": true,
    "centerTermsConditions": "https://xmpl.xmpiecloud.com/AGU-NewEmailFooter/HelpUnderConstruction_uStore/US190-Terms_and_Conditions.pdf",
    "footerDisplay": { "display": "initial" },
    "ag4CustomStyle": { "display": "inline-block" }
  },
  {
    "centerNumber": "US700",
    "centerURL": "https://www.alphagraphics.com/us-north-carolina-raleigh-us700",
    "centerVanityURL": "us700.alphagraphics.com",
    "centerName": "AlphaGraphics Raleigh",
    "centerEmail": "us700@alphagraphics.com",
    "centerPhone": "919-832-2828",
    "centerAddress": "3731 Centurion Drive",
    "centerCity": "Raleigh",
    "centerState": "NC",
    "centerZip": "27529",
    "centerFacebook": "https://www.facebook.com/alphagraphicsraleigh",
    "centerTwitter": "",
    "centerLinkedIn": "",
    "centerInstagram": "https://www.instagram.com/alphagraphicsraleigh/",
    "centerBlog": "https://blogs.alphagraphics.com/blog/raleigh-north-carolina-us700/",
    "centerRefundPolicy": true,
    "centerTermsConditions": "",
    "footerDisplay": { "display": "initial" },
    "ag4CustomStyle": { "display": "inline-block" }
  },
  {
    "centerNumber": "US714",
    "centerURL": "https://www.alphagraphics.com/us-arizona-chandler-us714",
    "centerVanityURL": "us714.alphagraphics.com",
    "centerName": "AlphaGraphics Chandler | Gilbert | Scottsdale",
    "centerEmail": "weborders@alphagraphics.com",
    "centerPhone": "480-289-5480",
    "centerAddress": "Testing 123",
    "centerCity": "City",
    "centerState": "ST",
    "centerZip": "12345",
    "centerFacebook": "",
    "centerTwitter": "",
    "centerLinkedIn": "",
    "centerInstagram": "",
    "centerBlog": "https://blogs.alphagraphics.com/blog",
    "centerRefundPolicy": true,
    "centerTermsConditions": ""
  },
  {
    "centerNumber": "US749",
    "centerURL": "https://www.alphagraphics.com/centers/rockwall-texas-us749",
    "centerVanityURL": "us749.alphagraphics.com",
    "centerName": "AlphaGraphics Rockwall",
    "centerEmail": "us749@alphagraphics.com",
    "centerPhone": "972.771.6728",
    "centerAddress": "2009B Industrial Blvd.",
    "centerCity": "Rockwall",
    "centerState": "TX",
    "centerZip": "75087",
    "centerFacebook": "https://www.facebook.com/AlphagraphicsofRockwall/",
    "centerTwitter": "https://twitter.com/alphagraphics",
    "centerLinkedIn": "http://www.linkedin.com/company/alphagraphics",
    "centerInstagram": "https://www.instagram.com/alpha749/",
    "centerBlog": "",
    "centerRefundPolicy": "",
    "centerTermsConditions": "",
    "footerDisplay": { "display": "initial" },
    "ag4CustomStyle": { "display": "inline-block" }
  },
  {
    "centerNumber": "US778",
    "centerURL": "https://www.alphagraphics.com/us-kansas-olathe-us778/",
    "centerVanityURL": "us778.alphagraphics.com",
    "centerName": "AlphaGraphics South Kansas City",
    "centerEmail": "us778@alphagraphics.com",
    "centerPhone": "913.236.8888",
    "centerAddress": "14965 W. 117th Street",
    "centerCity": "Olathe",
    "centerState": "KS",
    "centerZip": "66062",
    "centerFacebook": "https://www.facebook.com/alphagraphicssouthkc",
    "centerTwitter": "",
    "centerLinkedIn": "",
    "centerInstagram": "https://www.instagram.com/alphagraphicssouthkc",
    "centerBlog": "http://blogs.alphagraphics.com/blog/olathe-kansas-us778/",
    "centerRefundPolicy": "",
    "centerTermsConditions": "",
    "footerDisplay": { "display": "initial" }
  },
  {
    "centerNumber": "US114",
    "centerURL": "https://www.alphagraphics.com/centers/irving-texas-us114",
    "centerVanityURL": "us114.alphagraphics.com",
    "centerName": "AlphaGraphics Irving",
    "centerEmail": "us114@alphagraphics.com",
    "centerPhone": "972-570-0868",
    "centerAddress": "7801 Mesquite Bend, Suite 106",
    "centerCity": "Irving",
    "centerState": "TX",
    "centerZip": "75063",
    "centerFacebook": "https://www.facebook.com/AlphagraphicsIrving/",
    "centerTwitter": "https://twitter.com/agraphicsus114",
    "centerLinkedIn": "https://www.linkedin.com/in/alphagraphicsirving/",
    "centerInstagram": "https://www.instagram.com/alphagraphicsirving",
    "centerBlog": "",
    "centerRefundPolicy": "",
    "centerTermsConditions": "",
    "footerDisplay": { "display": "initial" }
  },
  {
    "centerNumber": "US635",
    "centerURL": "https://www.alphagraphics.com/us-virginia-alexandria-us635",
    "centerVanityURL": "us635.alphagraphics.com",
    "centerName": "AlphaGraphics Old Town Alexandria",
    "centerEmail": "us635@alphagraphics.com",
    "centerPhone": "(703) 549-2432",
    "centerAddress": "1001 North Fairfax Street, Suite 100A",
    "centerCity": "Alexandria",
    "centerState": "VA",
    "centerZip": "22314",
    "centerFacebook": "https://www.facebook.com/AlphaGraphicsAlexandria/",
    "centerTwitter": "http://twitter.com/alphagraphicsVA",
    "centerLinkedIn": "",
    "centerInstagram": "",
    "centerBlog": "https://blogs.alphagraphics.com/blog/alexandria-virginia-us635/",
    "centerRefundPolicy": "",
    "centerTermsConditions": "",
    "footerDisplay": { "display": "initial" },
    "ag4CustomStyle": { "display": "inline-block" }
  },
  {
    "centerNumber": "US242",
    "centerURL": "https://www.alphagraphics.com/us-new-jersey-cherry-hill-us242",
    "centerVanityURL": "us242.alphagraphics.com",
    "centerName": "AlphaGraphics Cherry Hill",
    "centerEmail": "us242@alphagraphics.com",
    "centerPhone": "(856) 687-3921",
    "centerAddress": "2050 Springdale Road, Suite 700",
    "centerCity": "Cherry Hill",
    "centerState": "NJ",
    "centerZip": "08003",
    "centerFacebook": "https://www.facebook.com/AGCherryHill",
    "centerTwitter": "https://twitter.com/AGCherryHill",
    "centerLinkedIn": "https://www.linkedin.com/company/agcherryhill/",
    "centerInstagram": "https://instagram.com/agcherryhill",
    "centerBlog": "https://blogs.alphagraphics.com/blog/cherry-hill-new-jersey-us242/",
    "centerRefundPolicy": "",
    "centerTermsConditions": "",
    "footerDisplay": { "display": "initial" },
    "ag4CustomStyle": { "display": "inline-block" }
  },
  {
    "centerNumber": "US283",
    "centerURL": "https://www.alphagraphics.com/us-pennsylvania-allentown-us283",
    "centerVanityURL": "us283.alphagraphics.com",
    "centerName": "AlphaGraphics Lehigh Valley",
    "centerEmail": "us283@alphagraphics.com",
    "centerPhone": "(610) 820-5599",
    "centerAddress": "515 Hamilton Street, Ste. 3",
    "centerCity": "Allentown",
    "centerState": "PA",
    "centerZip": "18101",
    "centerFacebook": "https://www.facebook.com/AGLehighValley",
    "centerTwitter": "",
    "centerLinkedIn": "",
    "centerInstagram": "",
    "centerBlog": "https://blogs.alphagraphics.com/blog/allentown-pennsylvania-us283/",
    "centerRefundPolicy": "",
    "centerTermsConditions": "",
    "footerDisplay": { "display": "initial" },
    "ag4CustomStyle": { "display": "inline-block" }
  },
  {
    "centerNumber": "US376",
    "centerURL": "https://www.alphagraphics.com/us-texas-carrollton-us376",
    "centerVanityURL": "us376.alphagraphics.com",
    "centerName": "AlphaGraphics Carrollton",
    "centerEmail": "us376@alphagraphics.com",
    "centerPhone": "(972) 466-2442",
    "centerAddress": "2722 N. Josey Lane, Suite 100",
    "centerCity": "Carrollton",
    "centerState": "TX",
    "centerZip": "75007",
    "centerFacebook": "https://www.facebook.com/agcarrollton",
    "centerTwitter": "https://twitter.com/alpha376",
    "centerLinkedIn": "https://www.linkedin.com/company/13012971/",
    "centerInstagram": "",
    "centerBlog": "https://blogs.alphagraphics.com/blog/carrollton-texas-us376/",
    "centerRefundPolicy": "",
    "centerTermsConditions": "",
    "footerDisplay": { "display": "initial" },
    "ag4CustomStyle": { "display": "inline-block" }
  },
  {
    "centerNumber": "US379",
    "centerURL": "https://www.alphagraphics.com/us-utah-layton-us379",
    "centerVanityURL": "us379.alphagraphics.com",
    "centerName": "AlphaGraphics Layton Hill Field Road",
    "centerEmail": "us379@alphagraphics.com",
    "centerPhone": "(801) 773-4600",
    "centerAddress": "2555 Hill Field Road",
    "centerCity": "Layton",
    "centerState": "UT",
    "centerZip": "84041",
    "centerFacebook": "http://www.facebook.com/AlphaGraphicsLayton",
    "centerTwitter": "https://twitter.com/ag379",
    "centerLinkedIn": "",
    "centerInstagram": "",
    "centerBlog": "https://blogs.alphagraphics.com/blog/layton-utah-us379/",
    "centerRefundPolicy": "",
    "centerTermsConditions": "",
    "footerDisplay": { "display": "initial" },
    "ag4CustomStyle": { "display": "inline-block" }
  },
  {
    "centerNumber": "US717",
    "centerURL": "https://www.alphagraphics.com/us-georgia-suwanee-us717",
    "centerVanityURL": "us717.alphagraphics.com",
    "centerName": "AlphaGraphics Suwanee",
    "centerEmail": "us717@alphagraphics.com",
    "centerPhone": "(678) 546-3032",
    "centerAddress": "305 Shawnee North Drive, Suite 800",
    "centerCity": "Suwanee",
    "centerState": "GA",
    "centerZip": "30024",
    "centerFacebook": "",
    "centerTwitter": "",
    "centerLinkedIn": "",
    "centerInstagram": "",
    "centerBlog": "",
    "centerRefundPolicy": "",
    "centerTermsConditions": "",
    "footerDisplay": { "display": "initial" },
    "ag4CustomStyle": { "display": "inline-block" }
  },
  {
    "centerNumber": "US153",
    "centerURL": "https://www.alphagraphics.com/us-arizona-tucson-us153",
    "centerVanityURL": "us153.alphagraphics.com",
    "centerName": "AlphaGraphics Palo Verde",
    "centerEmail": "us153@alphagraphics.com",
    "centerPhone": "(520) 748-9094",
    "centerAddress": "4555 S. Palo Verde, Suite 151",
    "centerCity": "Tucson",
    "centerState": "AZ",
    "centerZip": "85714",
    "centerFacebook": "http://www.facebook.com/pages/AlphaGraphics-South-Palo-Verde/236836127682",
    "centerTwitter": "",
    "centerLinkedIn": "https://www.linkedin.com/in/agpaloverde/",
    "centerInstagram": "https://www.instagram.com/agpaloverde/",
    "centerBlog": "https://blogs.alphagraphics.com/blog/tucson-arizona-us153/",
    "centerRefundPolicy": "",
    "centerTermsConditions": "",
    "footerDisplay": { "display": "initial" },
    "ag4CustomStyle": { "display": "inline-block" }
  },
  {
    "centerNumber": "US607",
    "centerURL": "https://www.alphagraphics.com/us-texas-weatherford-us607",
    "centerVanityURL": "us607.alphagraphics.com",
    "centerName": "AlphaGraphics Weatherford",
    "centerEmail": "us607@alphagraphics.com",
    "centerPhone": "(682) 435-1992",
    "centerAddress": "608 South Main",
    "centerCity": "Weatherford",
    "centerState": "TX",
    "centerZip": "76086",
    "centerFacebook": "http://www.facebook.com/Alphagraphics.NorthCenTex",
    "centerTwitter": "http://twitter.com/AGNorthCenTex",
    "centerLinkedIn": "",
    "centerInstagram": "",
    "centerBlog": "https://blogs.alphagraphics.com/blog/weatherford-texas-us607/",
    "centerRefundPolicy": "",
    "centerTermsConditions": "",
    "footerDisplay": { "display": "initial" },
    "ag4CustomStyle": { "display": "inline-block" }
  },  
  {
    "centerNumber": "US765",
    "centerURL": "https://www.alphagraphics.com/us-wyoming-sheridan-us765",
    "centerVanityURL": "us765.alphagraphics.com",
    "centerName": "AlphaGraphics Sheridan",
    "centerEmail": "sheridan@alphagraphics.com",
    "centerPhone": "(307) 381-6535",
    "centerAddress": "2266 N. Main St.",
    "centerCity": "Sheridan",
    "centerState": "WY",
    "centerZip": "82801",
    "centerFacebook": "https://www.facebook.com/agsheridan",
    "centerTwitter": "https://twitter.com/AlphaWyo",
    "centerLinkedIn": "",
    "centerInstagram": "https://www.instagram.com/alphagraphicssheridan/",
    "centerBlog": "",
    "centerRefundPolicy": "",
    "centerTermsConditions": "",
    "footerDisplay": { "display": "initial" },
    "ag4CustomStyle": { "display": "inline-block" }
  }
]
